<?xml version="1.0" encoding="utf-8"?>
<install type="module" version="1.5.0">
    <name>Property load calculator</name>
    <author>Joomlist team</author>
    <creationDate>2010-10-23</creationDate>
    <copyright>All rights reserved by joomlist.</copyright>
    <license>GPL 2.0</license>
    <authorEmail>chen.webdev@gmail.com</authorEmail>
    <authorUrl>www.joomlist.com</authorUrl>
    <version>1.0.0</version>
    <description>Mod load calculation </description>
    
    <files>
        <filename module="mod_property_calc_loan">mod_property_calc_loan.php</filename>
        <filename>helper.php</filename>
        <filename>tmpl/default.php</filename>
    </files>

</install>

