<?xml version="1.0" encoding="utf-8"?>
<extension type="component" version="1.6.0" method="upgrade">
    <name>COM_PROPERTY</name>
    <creationDate>November 2010</creationDate>
    <author>Joomlist team</author>
    <authorEmail>chen.webdev@gmail.com</authorEmail>
    <authorUrl>http://joomlist.org</authorUrl>
    <copyright>Copyright Info 2010</copyright>
    <license>License Info</license>
    <version>1.0</version>
    <description>COM_PROPERTY_DESCRIPTION</description>

    <install> 
            <sql><file driver="mysql" charset="utf8">sql/install.sql</file></sql>
    </install>

    <uninstall>
        <sql><file driver="mysql" charset="utf8">sql/uninstall.sql</file></sql>
    </uninstall>
    <files folder="site">
        <filename>controller.php</filename>
        <filename>property.php</filename>
        <folder>views</folder>
        <folder>models</folder>
        <folder>controllers</folder>
        <folder>helpers</folder>
        <folder>language</folder>
    </files>

    <media destination="com_property" folder="media">
            <folder>propertyimage</folder>
    </media>

    <administration>
        <!-- Administration Menu Section -->
        <menu img="../media/com_helloworld/propertyimage/com.jpg">COM_PROPERTY_MENU</menu>
        <files folder="admin">
                <filename>property.xml</filename>
                <filename>property.php</filename>
                <filename>controller.php</filename>

                <folder>tables</folder>
                <folder>models</folder>
                <folder>lib</folder>
                <folder>images</folder>
                <folder>views</folder>
                <folder>controllers</folder>
                <folder>helpers</folder>
                <folder>sql</folder>
        </files>

        <languages folder="admin">
                <language tag="en-GB">language/en-GB/en-GB.com_helloworld.ini</language>
                <language tag="en-GB">language/en-GB/en-GB.com_helloworld.sys.ini</language>
        </languages>
    </administration>
</extension>
